Time;Moisture;temperature
20.03.2014 19:18;2;0
20.03.2014 19:19;1;1
20.03.2014 19:19;2;1
20.03.2014 19:19;1;1
20.03.2014 19:19;2;1
20.03.2014 19:19;2;1
20.03.2014 19:19;4;0
20.03.2014 19:19;5;0
20.03.2014 19:19;4;0
20.03.2014 19:19;6;0
20.03.2014 19:19;7;0
20.03.2014 19:19;8;0
20.03.2014 19:19;7;0
20.03.2014 19:20;9;0
20.03.2014 19:20;10;0
20.03.2014 19:20;10;0
20.03.2014 19:20;8;0
20.03.2014 19:20;10;1
20.03.2014 19:20;14;3
20.03.2014 19:20;14;3
20.03.2014 19:20;15;5
20.03.2014 19:20;14;5
20.03.2014 19:20;16;2
20.03.2014 19:20;16;2
20.03.2014 19:20;18;3
20.03.2014 19:21;17;3
20.03.2014 19:21;18;3
20.03.2014 19:21;19;3
20.03.2014 19:21;18;3
20.03.2014 19:21;19;3
20.03.2014 19:21;20;4
20.03.2014 19:21;20;4
20.03.2014 19:21;21;4
20.03.2014 19:21;21;4
20.03.2014 19:21;21;5
20.03.2014 19:21;21;4
20.03.2014 19:21;21;3
20.03.2014 19:22;21;3
20.03.2014 19:22;22;3
20.03.2014 19:22;23;3
20.03.2014 19:22;22;4
20.03.2014 19:22;23;4
20.03.2014 19:22;24;4
20.03.2014 19:22;24;4
20.03.2014 19:22;24;4
20.03.2014 19:22;25;4
20.03.2014 19:22;25;6
20.03.2014 19:22;27;3
20.03.2014 19:23;27;3
20.03.2014 19:23;27;3
20.03.2014 19:23;28;4
20.03.2014 19:23;28;4
20.03.2014 19:23;29;4
20.03.2014 19:23;29;4
20.03.2014 19:23;30;3
20.03.2014 19:23;31;4
20.03.2014 19:23;32;4
20.03.2014 19:23;34;4
20.03.2014 19:23;34;4
20.03.2014 19:23;36;4
20.03.2014 19:24;38;4
20.03.2014 19:24;37;4
20.03.2014 19:24;39;4
20.03.2014 19:24;41;4
20.03.2014 19:24;43;4
20.03.2014 19:24;45;4
20.03.2014 19:24;48;4
20.03.2014 19:24;51;4
20.03.2014 19:24;54;4
20.03.2014 19:24;56;4
20.03.2014 19:24;59;4
20.03.2014 19:24;64;4
20.03.2014 19:25;67;4
20.03.2014 19:25;72;4
20.03.2014 19:25;77;4
20.03.2014 19:25;84;4
20.03.2014 19:25;92;4
20.03.2014 19:25;100;4
20.03.2014 19:25;108;4
20.03.2014 19:25;118;4
20.03.2014 19:25;128;5
20.03.2014 19:25;136;4
20.03.2014 19:25;148;5
20.03.2014 19:25;156;5
20.03.2014 19:26;163;5
20.03.2014 19:26;172;5
20.03.2014 19:26;178;5
20.03.2014 19:26;186;5
20.03.2014 19:26;193;5
20.03.2014 19:26;199;5
20.03.2014 19:26;207;5
20.03.2014 19:26;214;5
20.03.2014 19:26;223;5
20.03.2014 19:26;232;5
20.03.2014 19:26;239;5
20.03.2014 19:26;247;5
20.03.2014 19:27;253;5
20.03.2014 19:27;257;4
20.03.2014 19:27;263;6
20.03.2014 19:27;267;6
20.03.2014 19:27;269;6
20.03.2014 19:27;270;6
20.03.2014 19:27;272;6
20.03.2014 19:27;272;6
20.03.2014 19:27;275;6
20.03.2014 19:27;276;6
20.03.2014 19:27;278;6
20.03.2014 19:27;280;6
20.03.2014 19:28;282;6
20.03.2014 19:28;286;6
20.03.2014 19:28;288;6
20.03.2014 19:28;290;6
20.03.2014 19:28;293;6
20.03.2014 19:28;297;6
20.03.2014 19:28;303;6
20.03.2014 19:28;308;6
20.03.2014 19:28;311;6
20.03.2014 19:28;314;6
20.03.2014 19:28;315;6
20.03.2014 19:28;319;6
20.03.2014 19:29;318;6
20.03.2014 19:29;321;6
20.03.2014 19:29;319;6
20.03.2014 19:29;320;6
20.03.2014 19:29;321;6
20.03.2014 19:29;320;6
20.03.2014 19:29;319;6
20.03.2014 19:29;321;6
20.03.2014 19:29;322;6
20.03.2014 19:29;323;6
20.03.2014 19:29;321;6
20.03.2014 19:29;323;6
20.03.2014 19:30;324;6
20.03.2014 19:30;323;6
20.03.2014 19:30;326;6
20.03.2014 19:30;324;6
20.03.2014 19:30;325;6
20.03.2014 19:30;325;6
20.03.2014 19:30;324;6
20.03.2014 19:30;344;6
20.03.2014 19:30;377;6
20.03.2014 19:30;381;6
20.03.2014 19:30;367;6
20.03.2014 19:30;361;6
20.03.2014 19:31;360;6
20.03.2014 19:31;365;6
20.03.2014 19:31;364;6
20.03.2014 19:31;368;6
20.03.2014 19:31;369;6
20.03.2014 19:31;368;6
20.03.2014 19:31;367;6
20.03.2014 19:31;368;6
20.03.2014 19:31;367;6
20.03.2014 19:31;366;6
20.03.2014 19:31;367;6
20.03.2014 19:31;366;6
20.03.2014 19:32;367;6
20.03.2014 19:32;365;6
20.03.2014 19:32;366;6
20.03.2014 19:32;367;6
20.03.2014 19:32;365;6
20.03.2014 19:32;366;6
20.03.2014 19:32;365;6
20.03.2014 19:32;366;6
20.03.2014 19:32;365;6
20.03.2014 19:32;364;6
20.03.2014 19:32;365;6
20.03.2014 19:32;364;6
20.03.2014 19:33;363;6
20.03.2014 19:33;364;6
20.03.2014 19:33;363;6
20.03.2014 19:33;365;6
20.03.2014 19:33;364;6
20.03.2014 19:33;363;6
20.03.2014 19:33;364;6
20.03.2014 19:33;363;6
20.03.2014 19:33;366;6
20.03.2014 19:33;365;6
20.03.2014 19:33;366;6
20.03.2014 19:33;388;6
20.03.2014 19:34;387;6
20.03.2014 19:34;386;6
20.03.2014 19:34;385;6
20.03.2014 19:34;386;6
20.03.2014 19:34;405;6
20.03.2014 19:34;399;6
20.03.2014 19:34;400;6
20.03.2014 19:34;411;6
20.03.2014 19:34;409;6
20.03.2014 19:34;407;6
20.03.2014 19:34;405;6
20.03.2014 19:34;406;6
20.03.2014 19:35;407;6
20.03.2014 19:35;403;6
20.03.2014 19:35;401;6
20.03.2014 19:35;400;6
20.03.2014 19:35;399;6
20.03.2014 19:35;398;6
20.03.2014 19:35;399;6
20.03.2014 19:35;400;6
20.03.2014 19:35;401;6
20.03.2014 19:35;398;6
20.03.2014 19:35;399;6
20.03.2014 19:35;398;6
20.03.2014 19:36;400;6
20.03.2014 19:36;397;6
20.03.2014 19:36;395;6
20.03.2014 19:36;394;6
20.03.2014 19:36;393;6
20.03.2014 19:36;396;6
20.03.2014 19:36;395;6
20.03.2014 19:36;396;6
20.03.2014 19:36;395;6
20.03.2014 19:36;394;6
20.03.2014 19:36;395;6
20.03.2014 19:36;393;6
20.03.2014 19:37;394;6
20.03.2014 19:37;392;6
20.03.2014 19:37;393;6
20.03.2014 19:37;392;6
20.03.2014 19:37;394;7
20.03.2014 19:37;404;7
20.03.2014 19:37;405;6
20.03.2014 19:37;406;7
20.03.2014 19:37;407;6
20.03.2014 19:37;409;6
20.03.2014 19:37;410;6
20.03.2014 19:37;409;6
20.03.2014 19:38;412;7
20.03.2014 19:38;413;6
20.03.2014 19:38;414;6
20.03.2014 19:38;414;6
20.03.2014 19:38;416;6
20.03.2014 19:38;418;6
20.03.2014 19:38;420;6
20.03.2014 19:38;424;6
20.03.2014 19:38;425;6
20.03.2014 19:38;424;6
20.03.2014 19:38;424;6
20.03.2014 19:38;424;7
20.03.2014 19:39;425;7
20.03.2014 19:39;424;7
20.03.2014 19:39;423;6
20.03.2014 19:39;424;6
20.03.2014 19:39;423;6
20.03.2014 19:39;423;7
20.03.2014 19:39;422;6
20.03.2014 19:39;422;6
20.03.2014 19:39;421;6
20.03.2014 19:39;420;6
20.03.2014 19:39;419;6
20.03.2014 19:39;421;7
20.03.2014 19:40;419;6
20.03.2014 19:40;420;6
20.03.2014 19:40;421;6
20.03.2014 19:40;422;6
20.03.2014 19:40;421;6
20.03.2014 19:40;422;6
20.03.2014 19:40;421;6
20.03.2014 19:40;422;6
20.03.2014 19:40;423;6
20.03.2014 19:40;424;7
20.03.2014 19:40;424;6
20.03.2014 19:40;424;6
20.03.2014 19:41;426;7
20.03.2014 19:41;425;6
20.03.2014 19:41;426;7
20.03.2014 19:41;427;7
20.03.2014 19:41;426;7
20.03.2014 19:41;427;6
20.03.2014 19:41;426;6
20.03.2014 19:41;428;6
20.03.2014 19:41;425;6
20.03.2014 19:41;428;6
20.03.2014 19:41;427;6
20.03.2014 19:41;429;6
20.03.2014 19:42;430;7
20.03.2014 19:42;428;6
20.03.2014 19:42;429;7
20.03.2014 19:42;430;7
20.03.2014 19:42;431;7
20.03.2014 19:42;432;7
20.03.2014 19:42;431;6
20.03.2014 19:42;433;6
20.03.2014 19:42;432;6
20.03.2014 19:42;430;6
20.03.2014 19:42;433;7
20.03.2014 19:42;435;6
20.03.2014 19:43;436;7
20.03.2014 19:43;435;7
20.03.2014 19:43;436;7
20.03.2014 19:43;434;7
20.03.2014 19:43;432;7
20.03.2014 19:43;433;6
20.03.2014 19:43;431;6
20.03.2014 19:43;430;6
20.03.2014 19:43;429;6
20.03.2014 19:43;430;7
20.03.2014 19:43;429;7
20.03.2014 19:43;430;7
20.03.2014 19:44;428;7
20.03.2014 19:44;429;6
20.03.2014 19:44;430;7
20.03.2014 19:44;432;7
20.03.2014 19:44;431;6
20.03.2014 19:44;433;7
20.03.2014 19:44;432;7
20.03.2014 19:44;434;7
20.03.2014 19:44;435;7
20.03.2014 19:44;434;7
20.03.2014 19:44;432;7
20.03.2014 19:44;433;6
20.03.2014 19:45;432;6
20.03.2014 19:45;437;6
20.03.2014 19:45;436;7
20.03.2014 19:45;435;7
20.03.2014 19:45;434;7
20.03.2014 19:45;436;7
20.03.2014 19:45;435;7
20.03.2014 19:45;436;7
20.03.2014 19:45;438;7
20.03.2014 19:45;437;7
20.03.2014 19:45;436;7
20.03.2014 19:45;440;7
20.03.2014 19:46;439;7
20.03.2014 19:46;442;7
20.03.2014 19:46;441;7
20.03.2014 19:46;443;6
20.03.2014 19:46;437;7
20.03.2014 19:46;438;7
20.03.2014 19:46;435;6
20.03.2014 19:46;436;7
20.03.2014 19:46;439;7
20.03.2014 19:46;438;6
20.03.2014 19:46;436;7
20.03.2014 19:46;437;6
20.03.2014 19:47;438;7
20.03.2014 19:47;437;6
20.03.2014 19:47;436;6
20.03.2014 19:47;437;7
20.03.2014 19:47;438;7
20.03.2014 19:47;437;6
20.03.2014 19:47;438;7
20.03.2014 19:47;439;7
20.03.2014 19:47;436;7
20.03.2014 19:47;438;7
20.03.2014 19:47;437;7
20.03.2014 19:47;438;7
20.03.2014 19:48;436;7
20.03.2014 19:48;435;7
20.03.2014 19:48;434;7
20.03.2014 19:48;435;7
20.03.2014 19:48;434;7
20.03.2014 19:48;435;7
20.03.2014 19:48;434;7
20.03.2014 19:48;435;7
20.03.2014 19:48;436;7
20.03.2014 19:48;437;7
20.03.2014 19:48;436;7
20.03.2014 19:48;435;7
20.03.2014 19:49;436;7
20.03.2014 19:49;435;7
20.03.2014 19:49;434;7
20.03.2014 19:49;435;7
20.03.2014 19:49;436;7
20.03.2014 19:49;434;7
20.03.2014 19:49;433;7
20.03.2014 19:49;434;6
20.03.2014 19:49;432;7
20.03.2014 19:49;433;7
20.03.2014 19:49;432;7
20.03.2014 19:49;431;7
20.03.2014 19:50;432;7
20.03.2014 19:50;431;7
20.03.2014 19:50;432;7
20.03.2014 19:50;434;7
20.03.2014 19:50;435;7
20.03.2014 19:50;436;7
20.03.2014 19:50;438;7
20.03.2014 19:50;504;7
20.03.2014 19:50;549;7
20.03.2014 19:50;556;7
20.03.2014 19:50;553;7
20.03.2014 19:50;544;7
20.03.2014 19:51;542;7
20.03.2014 19:51;539;7
20.03.2014 19:51;534;7
20.03.2014 19:51;533;7
20.03.2014 19:51;534;7
20.03.2014 19:51;536;7
20.03.2014 19:51;537;7
20.03.2014 19:51;535;7
20.03.2014 19:51;536;7
20.03.2014 19:51;531;7
20.03.2014 19:51;527;7
20.03.2014 19:51;526;7
20.03.2014 19:52;531;7
20.03.2014 19:52;529;7
20.03.2014 19:52;527;7
20.03.2014 19:52;525;7
20.03.2014 19:52;522;7
20.03.2014 19:52;522;7
20.03.2014 19:52;524;7
20.03.2014 19:52;522;7
20.03.2014 19:52;524;7
20.03.2014 19:52;522;7
20.03.2014 19:52;523;7
20.03.2014 19:52;522;7
20.03.2014 19:53;525;7
20.03.2014 19:53;525;7
20.03.2014 19:53;525;7
20.03.2014 19:53;524;7
20.03.2014 19:53;525;7
20.03.2014 19:53;523;7
20.03.2014 19:53;528;7
20.03.2014 19:53;529;7
20.03.2014 19:53;526;7
20.03.2014 19:53;529;7
20.03.2014 19:53;525;7
20.03.2014 19:53;521;7
20.03.2014 19:54;520;7
20.03.2014 19:54;527;7
20.03.2014 19:54;524;7
20.03.2014 19:54;525;7
20.03.2014 19:54;522;7
20.03.2014 19:54;526;7
20.03.2014 19:54;524;7
20.03.2014 19:54;523;7
20.03.2014 19:54;522;7
20.03.2014 19:54;524;7
20.03.2014 19:54;523;7
20.03.2014 19:55;525;7
20.03.2014 19:55;524;7
20.03.2014 19:55;525;7
20.03.2014 19:55;536;7
20.03.2014 19:55;533;7
20.03.2014 19:55;530;7
20.03.2014 19:55;527;7
20.03.2014 19:55;528;7
20.03.2014 19:55;527;7
20.03.2014 19:55;525;7
20.03.2014 19:55;523;7
20.03.2014 19:55;522;7
20.03.2014 19:56;520;7
20.03.2014 19:56;519;7
20.03.2014 19:56;519;7
20.03.2014 19:56;519;7
20.03.2014 19:56;516;7
20.03.2014 19:56;516;7
20.03.2014 19:56;518;7
20.03.2014 19:56;515;7
20.03.2014 19:56;513;7
20.03.2014 19:56;513;7
20.03.2014 19:56;511;7
20.03.2014 19:56;513;7
20.03.2014 19:57;512;7
20.03.2014 19:57;511;7
20.03.2014 19:57;513;7
20.03.2014 19:57;514;7
20.03.2014 19:57;515;7
20.03.2014 19:57;512;7
20.03.2014 19:57;511;7
20.03.2014 19:57;513;7
20.03.2014 19:57;509;7
20.03.2014 19:57;511;7
20.03.2014 19:57;514;7
20.03.2014 19:57;515;7
20.03.2014 19:58;514;7
20.03.2014 19:58;513;7
20.03.2014 19:58;511;7
20.03.2014 19:58;510;7
20.03.2014 19:58;508;7
20.03.2014 19:58;512;7
20.03.2014 19:58;511;7
20.03.2014 19:58;517;7
20.03.2014 19:58;524;7
20.03.2014 19:58;521;7
20.03.2014 19:58;527;7
20.03.2014 19:58;525;7
20.03.2014 19:59;521;7
20.03.2014 19:59;522;7
20.03.2014 19:59;519;7
20.03.2014 19:59;520;7
20.03.2014 19:59;515;7
20.03.2014 19:59;518;7
20.03.2014 19:59;519;7
20.03.2014 19:59;515;7
20.03.2014 19:59;510;7
20.03.2014 19:59;507;7
20.03.2014 19:59;506;7
20.03.2014 19:59;507;7
20.03.2014 20:00;506;7
20.03.2014 20:00;502;7
20.03.2014 20:00;497;7
20.03.2014 20:00;496;7
20.03.2014 20:00;513;7
20.03.2014 20:00;509;7
20.03.2014 20:00;508;7
20.03.2014 20:00;507;7
20.03.2014 20:00;505;7
20.03.2014 20:00;506;7
20.03.2014 20:00;507;7
20.03.2014 20:00;507;7
20.03.2014 20:01;503;7
20.03.2014 20:01;504;7
20.03.2014 20:01;505;7
20.03.2014 20:01;510;7
20.03.2014 20:01;512;7
20.03.2014 20:01;507;7
20.03.2014 20:01;506;7
20.03.2014 20:01;509;7
20.03.2014 20:01;515;7
20.03.2014 20:01;513;7
20.03.2014 20:01;515;7
20.03.2014 20:01;514;7
20.03.2014 20:02;517;7
20.03.2014 20:02;515;7
20.03.2014 20:02;516;7
20.03.2014 20:02;515;7
20.03.2014 20:02;525;7
20.03.2014 20:02;525;7
20.03.2014 20:02;535;7
20.03.2014 20:02;529;7
20.03.2014 20:02;525;7
20.03.2014 20:02;529;7
20.03.2014 20:02;531;7
20.03.2014 20:02;524;7
20.03.2014 20:03;525;7
20.03.2014 20:03;528;7
20.03.2014 20:03;527;7
20.03.2014 20:03;525;7
20.03.2014 20:03;519;7
20.03.2014 20:03;518;7
20.03.2014 20:03;522;7
20.03.2014 20:03;521;7
20.03.2014 20:03;523;7
20.03.2014 20:03;523;7
20.03.2014 20:03;521;7
20.03.2014 20:03;528;7
20.03.2014 20:04;529;7
20.03.2014 20:04;535;7
20.03.2014 20:04;537;7
20.03.2014 20:04;558;7
20.03.2014 20:04;553;7
20.03.2014 20:04;555;7
20.03.2014 20:04;554;7
20.03.2014 20:04;553;7
20.03.2014 20:04;552;7
20.03.2014 20:04;553;7
20.03.2014 20:04;563;7
20.03.2014 20:04;560;7
20.03.2014 20:05;568;7
20.03.2014 20:05;572;7
20.03.2014 20:05;568;7
20.03.2014 20:05;572;7
20.03.2014 20:05;570;7
20.03.2014 20:05;571;7
20.03.2014 20:05;566;7
20.03.2014 20:05;569;7
20.03.2014 20:05;571;7
20.03.2014 20:05;585;7
20.03.2014 20:05;577;7
20.03.2014 20:05;575;7
20.03.2014 20:06;573;7
20.03.2014 20:06;567;7
20.03.2014 20:06;563;7
20.03.2014 20:06;562;7
20.03.2014 20:06;560;7
20.03.2014 20:06;557;7
20.03.2014 20:06;563;7
20.03.2014 20:06;562;7
20.03.2014 20:06;564;7
20.03.2014 20:06;575;7
20.03.2014 20:06;574;7
20.03.2014 20:06;579;7
20.03.2014 20:07;583;7
20.03.2014 20:07;582;7
20.03.2014 20:07;584;7
20.03.2014 20:07;583;7
20.03.2014 20:07;590;7
20.03.2014 20:07;585;7
20.03.2014 20:07;577;7
20.03.2014 20:07;573;7
20.03.2014 20:07;570;7
20.03.2014 20:07;567;7
20.03.2014 20:07;568;7
20.03.2014 20:07;592;7
20.03.2014 20:08;590;7
20.03.2014 20:08;584;7
20.03.2014 20:08;583;7
20.03.2014 20:08;583;7
20.03.2014 20:08;584;7
20.03.2014 20:08;582;7
20.03.2014 20:08;585;7
20.03.2014 20:08;578;7
20.03.2014 20:08;576;7
20.03.2014 20:08;577;7
20.03.2014 20:08;574;7
20.03.2014 20:08;572;7
20.03.2014 20:09;568;7
20.03.2014 20:09;569;7
20.03.2014 20:09;571;7
20.03.2014 20:09;564;7
20.03.2014 20:09;562;7
20.03.2014 20:09;570;7
20.03.2014 20:09;567;7
20.03.2014 20:09;567;7
20.03.2014 20:09;565;7
20.03.2014 20:09;564;7
20.03.2014 20:09;568;7
20.03.2014 20:09;570;7
20.03.2014 20:10;567;7
20.03.2014 20:10;567;7
20.03.2014 20:10;565;7
20.03.2014 20:10;564;7
20.03.2014 20:10;563;7
20.03.2014 20:10;562;7
20.03.2014 20:10;559;7
20.03.2014 20:10;558;7
20.03.2014 20:10;557;7
20.03.2014 20:10;556;7
20.03.2014 20:10;553;7
20.03.2014 20:10;552;7
20.03.2014 20:11;548;7
20.03.2014 20:11;546;7
20.03.2014 20:11;544;7
20.03.2014 20:11;542;7
20.03.2014 20:11;541;7
20.03.2014 20:11;539;7
20.03.2014 20:11;540;7
20.03.2014 20:11;541;7
20.03.2014 20:11;548;7
20.03.2014 20:11;548;7
20.03.2014 20:11;546;7
20.03.2014 20:11;545;7
20.03.2014 20:12;544;7
20.03.2014 20:12;546;7
20.03.2014 20:12;544;7
20.03.2014 20:12;542;7
20.03.2014 20:12;543;7
20.03.2014 20:12;544;7
20.03.2014 20:12;543;7
20.03.2014 20:12;540;7
20.03.2014 20:12;539;7
20.03.2014 20:12;537;7
20.03.2014 20:12;535;7
20.03.2014 20:12;534;7
20.03.2014 20:13;533;7
20.03.2014 20:13;531;7
20.03.2014 20:13;533;7
20.03.2014 20:13;532;7
20.03.2014 20:13;530;7
20.03.2014 20:13;531;7
20.03.2014 20:13;527;7
20.03.2014 20:13;526;7
20.03.2014 20:13;531;7
20.03.2014 20:13;530;7
20.03.2014 20:13;530;7
20.03.2014 20:13;528;7
20.03.2014 20:14;525;7
20.03.2014 20:14;525;7
20.03.2014 20:14;524;7
20.03.2014 20:14;522;7
20.03.2014 20:14;525;7
20.03.2014 20:14;521;7
20.03.2014 20:14;522;7
20.03.2014 20:14;521;7
20.03.2014 20:14;519;7
20.03.2014 20:14;517;7
20.03.2014 20:14;518;7
20.03.2014 20:14;516;7
20.03.2014 20:15;517;7
20.03.2014 20:15;513;7
20.03.2014 20:15;514;7
20.03.2014 20:15;515;7
20.03.2014 20:15;515;7
20.03.2014 20:15;509;7
20.03.2014 20:15;508;7
20.03.2014 20:15;510;7
20.03.2014 20:15;509;7
20.03.2014 20:15;510;7
20.03.2014 20:15;507;7
20.03.2014 20:15;510;7
20.03.2014 20:16;507;7
20.03.2014 20:16;504;7
20.03.2014 20:16;508;7
20.03.2014 20:16;506;7
20.03.2014 20:16;505;7
20.03.2014 20:16;508;7
20.03.2014 20:16;507;7
20.03.2014 20:16;512;7
20.03.2014 20:16;512;7
20.03.2014 20:16;513;7
20.03.2014 20:16;512;7
20.03.2014 20:16;513;7
20.03.2014 20:17;508;7
20.03.2014 20:17;507;7
20.03.2014 20:17;506;7
20.03.2014 20:17;509;7
20.03.2014 20:17;513;7
20.03.2014 20:17;509;7
20.03.2014 20:17;510;7
20.03.2014 20:17;513;7
20.03.2014 20:17;512;7
20.03.2014 20:17;507;7
20.03.2014 20:17;518;7
20.03.2014 20:17;521;7
20.03.2014 20:18;515;7
20.03.2014 20:18;511;7
20.03.2014 20:18;508;7
20.03.2014 20:18;507;7
20.03.2014 20:18;512;7
20.03.2014 20:18;503;7
20.03.2014 20:18;502;7
20.03.2014 20:18;497;7
20.03.2014 20:18;496;7
20.03.2014 20:18;495;7
20.03.2014 20:18;492;7
20.03.2014 20:18;491;7
20.03.2014 20:19;492;7
20.03.2014 20:19;489;7
20.03.2014 20:19;488;7
20.03.2014 20:19;485;7
20.03.2014 20:19;487;7
20.03.2014 20:19;490;7
20.03.2014 20:19;500;7
20.03.2014 20:19;492;7
20.03.2014 20:19;486;7
20.03.2014 20:19;478;7
20.03.2014 20:19;475;7
20.03.2014 20:19;472;7
20.03.2014 20:20;491;7
20.03.2014 20:20;482;7
20.03.2014 20:20;492;7
20.03.2014 20:20;476;7
20.03.2014 20:20;487;7
20.03.2014 20:20;490;7
20.03.2014 20:20;494;7
20.03.2014 20:20;493;7
20.03.2014 20:20;489;7
20.03.2014 20:20;497;7
20.03.2014 20:20;496;7
20.03.2014 20:20;497;7
20.03.2014 20:21;493;7
20.03.2014 20:21;497;7
20.03.2014 20:21;511;7
20.03.2014 20:21;504;7
20.03.2014 20:21;514;7
20.03.2014 20:21;524;7
20.03.2014 20:21;539;7
20.03.2014 20:21;541;7
20.03.2014 20:21;546;7
20.03.2014 20:21;550;7
20.03.2014 20:21;546;7
20.03.2014 20:21;548;7
20.03.2014 20:22;537;7
20.03.2014 20:22;532;7
20.03.2014 20:22;534;7
20.03.2014 20:22;532;7
20.03.2014 20:22;537;7
20.03.2014 20:22;531;7
20.03.2014 20:22;524;7
20.03.2014 20:22;516;7
20.03.2014 20:22;509;7
20.03.2014 20:22;508;7
20.03.2014 20:22;507;7
20.03.2014 20:22;504;7
20.03.2014 20:23;499;7
20.03.2014 20:23;495;7
20.03.2014 20:23;496;7
20.03.2014 20:23;495;7
20.03.2014 20:23;499;7
20.03.2014 20:23;491;7
20.03.2014 20:23;485;7
20.03.2014 20:23;480;7
20.03.2014 20:23;477;7
20.03.2014 20:23;475;7
20.03.2014 20:23;474;7
20.03.2014 20:23;476;7
20.03.2014 20:24;474;7
20.03.2014 20:24;475;7
20.03.2014 20:24;472;7
20.03.2014 20:24;473;8
20.03.2014 20:24;466;7
20.03.2014 20:24;461;7
20.03.2014 20:24;458;8
20.03.2014 20:24;453;7
20.03.2014 20:24;457;7
20.03.2014 20:24;445;7
20.03.2014 20:24;444;7
20.03.2014 20:24;446;7
20.03.2014 20:25;440;7
20.03.2014 20:25;445;7
20.03.2014 20:25;448;7
20.03.2014 20:25;449;7
20.03.2014 20:25;447;7
20.03.2014 20:25;445;7
20.03.2014 20:25;439;7
20.03.2014 20:25;437;7
20.03.2014 20:25;431;7
20.03.2014 20:25;435;7
20.03.2014 20:25;427;7
20.03.2014 20:25;426;7
20.03.2014 20:26;434;7
20.03.2014 20:26;436;7
20.03.2014 20:26;430;7
20.03.2014 20:26;429;7
20.03.2014 20:26;432;7
20.03.2014 20:26;445;7
20.03.2014 20:26;443;7
20.03.2014 20:26;445;7
20.03.2014 20:26;447;7
20.03.2014 20:26;443;7
20.03.2014 20:26;457;7
20.03.2014 20:26;450;7
20.03.2014 20:27;447;8
20.03.2014 20:27;452;7
20.03.2014 20:27;459;7
20.03.2014 20:27;460;7
20.03.2014 20:27;455;7
20.03.2014 20:27;452;7
20.03.2014 20:27;447;7
20.03.2014 20:27;450;7
20.03.2014 20:27;449;7
20.03.2014 20:27;444;7
20.03.2014 20:27;443;7
20.03.2014 20:27;442;7
20.03.2014 20:28;437;7
20.03.2014 20:28;433;7
20.03.2014 20:28;451;7
20.03.2014 20:28;460;7
20.03.2014 20:28;461;7
20.03.2014 20:28;455;7
20.03.2014 20:28;454;7
20.03.2014 20:28;488;7
20.03.2014 20:28;487;7
20.03.2014 20:28;485;7
20.03.2014 20:28;479;7
20.03.2014 20:28;469;7
20.03.2014 20:29;464;7
20.03.2014 20:29;470;7
20.03.2014 20:29;459;7
20.03.2014 20:29;461;7
20.03.2014 20:29;457;7
20.03.2014 20:29;479;7
20.03.2014 20:29;473;7
20.03.2014 20:29;474;7
20.03.2014 20:29;470;7
20.03.2014 20:29;462;7
20.03.2014 20:29;453;7
20.03.2014 20:29;441;8
20.03.2014 20:30;454;7
20.03.2014 20:30;462;7
20.03.2014 20:30;467;7
20.03.2014 20:30;476;7
20.03.2014 20:30;481;8
20.03.2014 20:30;473;7
20.03.2014 20:30;474;7
20.03.2014 20:30;475;7
20.03.2014 20:30;471;7
20.03.2014 20:30;484;7
20.03.2014 20:30;483;7
20.03.2014 20:30;502;8
20.03.2014 20:31;495;8
20.03.2014 20:31;498;7
20.03.2014 20:31;494;8
20.03.2014 20:31;492;8
20.03.2014 20:31;490;8
20.03.2014 20:31;484;8
20.03.2014 20:31;480;7
20.03.2014 20:31;486;7
20.03.2014 20:31;481;7
20.03.2014 20:31;480;7
20.03.2014 20:31;476;7
20.03.2014 20:31;483;8
20.03.2014 20:32;478;8
20.03.2014 20:32;475;7
20.03.2014 20:32;482;7
20.03.2014 20:32;481;7
20.03.2014 20:32;483;8
20.03.2014 20:32;488;8
20.03.2014 20:32;492;8
20.03.2014 20:32;490;7
20.03.2014 20:32;485;7
20.03.2014 20:32;492;7
20.03.2014 20:32;485;7
20.03.2014 20:33;484;8
20.03.2014 20:33;484;8
20.03.2014 20:33;480;8
20.03.2014 20:33;497;8
20.03.2014 20:33;485;8
20.03.2014 20:33;480;7
20.03.2014 20:33;492;7
20.03.2014 20:33;497;7
20.03.2014 20:33;485;8
20.03.2014 20:33;487;8
20.03.2014 20:33;480;7
20.03.2014 20:33;484;7
20.03.2014 20:34;485;7
20.03.2014 20:34;484;8
20.03.2014 20:34;497;7
20.03.2014 20:34;504;8
20.03.2014 20:34;513;8
20.03.2014 20:34;516;8
20.03.2014 20:34;512;8
20.03.2014 20:34;511;8
20.03.2014 20:34;501;8
20.03.2014 20:34;496;8
20.03.2014 20:34;498;8
20.03.2014 20:34;494;7
20.03.2014 20:35;499;8
20.03.2014 20:35;513;8
20.03.2014 20:35;498;8
20.03.2014 20:35;497;8
20.03.2014 20:35;499;7
20.03.2014 20:35;498;7
20.03.2014 20:35;497;7
20.03.2014 20:35;505;8
20.03.2014 20:35;508;8
20.03.2014 20:35;503;7
20.03.2014 20:35;502;7
20.03.2014 20:35;503;8
20.03.2014 20:36;501;8
20.03.2014 20:36;502;8
20.03.2014 20:36;512;8
20.03.2014 20:36;519;7
20.03.2014 20:36;515;7
20.03.2014 20:36;512;8
20.03.2014 20:36;523;8
20.03.2014 20:36;520;7
20.03.2014 20:36;550;8
20.03.2014 20:36;545;8
20.03.2014 20:36;540;8
20.03.2014 20:36;538;8
20.03.2014 20:37;539;8
20.03.2014 20:37;538;8
20.03.2014 20:37;536;8
20.03.2014 20:37;535;8
20.03.2014 20:37;536;8
20.03.2014 20:37;535;7
20.03.2014 20:37;530;8
20.03.2014 20:37;528;8
20.03.2014 20:37;531;8
20.03.2014 20:37;532;8
20.03.2014 20:37;539;8
20.03.2014 20:37;530;8
20.03.2014 20:38;531;8
20.03.2014 20:38;523;8
20.03.2014 20:38;526;8
20.03.2014 20:38;527;8
20.03.2014 20:38;539;8
20.03.2014 20:38;548;8
20.03.2014 20:38;545;8
20.03.2014 20:38;546;8
20.03.2014 20:38;547;8
20.03.2014 20:38;534;8
20.03.2014 20:38;537;8
20.03.2014 20:38;543;8
20.03.2014 20:39;545;8
20.03.2014 20:39;546;8
20.03.2014 20:39;547;8
20.03.2014 20:39;543;8
20.03.2014 20:39;546;8
20.03.2014 20:39;554;8
20.03.2014 20:39;558;8
20.03.2014 20:39;552;8
20.03.2014 20:39;547;8
20.03.2014 20:39;548;8
20.03.2014 20:39;547;8
20.03.2014 20:39;544;8
20.03.2014 20:40;545;8
20.03.2014 20:40;552;8
20.03.2014 20:40;553;8
20.03.2014 20:40;554;8
20.03.2014 20:40;553;8
20.03.2014 20:40;551;8
20.03.2014 20:40;551;8
20.03.2014 20:40;561;8
20.03.2014 20:40;563;8
20.03.2014 20:40;556;7
20.03.2014 20:40;555;8
20.03.2014 20:40;559;8
20.03.2014 20:41;555;8
20.03.2014 20:41;559;7
20.03.2014 20:41;566;7
20.03.2014 20:41;572;8
20.03.2014 20:41;571;8
20.03.2014 20:41;569;8
20.03.2014 20:41;575;8
20.03.2014 20:41;579;8
20.03.2014 20:41;577;8
20.03.2014 20:41;576;8
20.03.2014 20:41;586;8
20.03.2014 20:41;589;8
20.03.2014 20:42;586;8
20.03.2014 20:42;583;8
20.03.2014 20:42;588;7
20.03.2014 20:42;585;8
20.03.2014 20:42;584;8
20.03.2014 20:42;590;8
20.03.2014 20:42;590;8
20.03.2014 20:42;591;8
20.03.2014 20:42;590;8
20.03.2014 20:42;589;8
20.03.2014 20:42;588;8
20.03.2014 20:42;591;8
20.03.2014 20:43;598;8
20.03.2014 20:43;597;8
20.03.2014 20:43;598;8
20.03.2014 20:43;597;8
20.03.2014 20:43;592;8
20.03.2014 20:43;603;8
20.03.2014 20:43;592;8
20.03.2014 20:43;594;8
20.03.2014 20:43;590;8
20.03.2014 20:43;591;8
20.03.2014 20:43;590;8
20.03.2014 20:43;591;8
20.03.2014 20:44;589;8
20.03.2014 20:44;590;8
20.03.2014 20:44;598;8
20.03.2014 20:44;596;8
20.03.2014 20:44;609;8
20.03.2014 20:44;603;8
20.03.2014 20:44;601;8
20.03.2014 20:44;602;8
20.03.2014 20:44;607;8
20.03.2014 20:44;611;8
20.03.2014 20:44;612;8
20.03.2014 20:44;617;8
20.03.2014 20:45;616;8
20.03.2014 20:45;617;8
20.03.2014 20:45;624;8
20.03.2014 20:45;620;8
20.03.2014 20:45;621;8
20.03.2014 20:45;620;8
20.03.2014 20:45;621;8
20.03.2014 20:45;620;8
20.03.2014 20:45;628;8
20.03.2014 20:45;624;8
20.03.2014 20:45;616;8
20.03.2014 20:45;628;8
20.03.2014 20:46;633;8
20.03.2014 20:46;635;8
20.03.2014 20:46;632;8
20.03.2014 20:46;634;8
20.03.2014 20:46;632;8
20.03.2014 20:46;636;8
20.03.2014 20:46;646;8
20.03.2014 20:46;645;8
20.03.2014 20:46;644;8
20.03.2014 20:46;654;8
20.03.2014 20:46;651;8
20.03.2014 20:46;650;8
20.03.2014 20:47;649;8
20.03.2014 20:47;650;8
20.03.2014 20:47;650;8
20.03.2014 20:47;648;8
20.03.2014 20:47;657;8
20.03.2014 20:47;661;8
20.03.2014 20:47;661;8
20.03.2014 20:47;661;8
20.03.2014 20:47;661;8
20.03.2014 20:47;659;8
20.03.2014 20:47;661;8
20.03.2014 20:47;656;8
20.03.2014 20:48;654;8
20.03.2014 20:48;652;8
20.03.2014 20:48;651;8
20.03.2014 20:48;654;8
20.03.2014 20:48;651;8
20.03.2014 20:48;654;8
20.03.2014 20:48;655;8
20.03.2014 20:48;657;8
20.03.2014 20:48;661;8
20.03.2014 20:48;664;8
20.03.2014 20:48;666;8
20.03.2014 20:48;675;8
20.03.2014 20:49;673;8
20.03.2014 20:49;672;8
20.03.2014 20:49;671;8
20.03.2014 20:49;673;8
20.03.2014 20:49;684;8
20.03.2014 20:49;673;8
20.03.2014 20:49;676;8
20.03.2014 20:49;673;8
20.03.2014 20:49;670;8
20.03.2014 20:49;674;8
20.03.2014 20:49;672;8
20.03.2014 20:49;672;8
20.03.2014 20:50;674;8
20.03.2014 20:50;675;8
20.03.2014 20:50;671;8
20.03.2014 20:50;678;8
20.03.2014 20:50;675;8
20.03.2014 20:50;681;8
20.03.2014 20:50;685;8
20.03.2014 20:50;684;8
20.03.2014 20:50;685;8
20.03.2014 20:50;687;8
20.03.2014 20:50;686;8
20.03.2014 20:50;690;8
20.03.2014 20:51;692;8
20.03.2014 20:51;693;8
20.03.2014 20:51;697;8
20.03.2014 20:51;701;8
20.03.2014 20:51;700;8
20.03.2014 20:51;706;8
20.03.2014 20:51;705;8
20.03.2014 20:51;720;8
20.03.2014 20:51;727;8
20.03.2014 20:51;726;8
20.03.2014 20:51;725;8
20.03.2014 20:51;726;8
20.03.2014 20:52;732;8
20.03.2014 20:52;734;8
20.03.2014 20:52;732;8
20.03.2014 20:52;735;8
20.03.2014 20:52;734;8
20.03.2014 20:52;731;8
20.03.2014 20:52;728;8
20.03.2014 20:52;733;8
20.03.2014 20:52;735;8
20.03.2014 20:52;738;8
20.03.2014 20:52;737;8
20.03.2014 20:52;733;8
20.03.2014 20:53;735;8
20.03.2014 20:53;734;8
20.03.2014 20:53;737;8
20.03.2014 20:53;749;8
20.03.2014 20:53;750;8
20.03.2014 20:53;749;8
20.03.2014 20:53;748;8
20.03.2014 20:53;749;8
20.03.2014 20:53;748;8
20.03.2014 20:53;751;8
20.03.2014 20:53;754;8
20.03.2014 20:53;755;8
20.03.2014 20:54;759;8
20.03.2014 20:54;758;8
20.03.2014 20:54;757;8
20.03.2014 20:54;763;8
20.03.2014 20:54;762;8
20.03.2014 20:54;768;8
20.03.2014 20:54;766;8
20.03.2014 20:54;771;8
20.03.2014 20:54;774;8
20.03.2014 20:54;782;8
20.03.2014 20:54;782;8
20.03.2014 20:54;782;8
20.03.2014 20:55;780;8
20.03.2014 20:55;781;8
20.03.2014 20:55;783;8
20.03.2014 20:55;785;8
20.03.2014 20:55;790;8
20.03.2014 20:55;793;8
20.03.2014 20:55;791;8
20.03.2014 20:55;795;8
20.03.2014 20:55;794;8
20.03.2014 20:55;793;8
20.03.2014 20:55;794;8
20.03.2014 20:55;796;8
20.03.2014 20:56;798;8
20.03.2014 20:56;795;8
20.03.2014 20:56;799;8
20.03.2014 20:56;801;8
20.03.2014 20:56;806;8
20.03.2014 20:56;802;8
20.03.2014 20:56;806;8
20.03.2014 20:56;804;8
20.03.2014 20:56;808;8
20.03.2014 20:56;809;8
20.03.2014 20:56;808;8
20.03.2014 20:56;810;8
20.03.2014 20:57;813;8
20.03.2014 20:57;812;8
20.03.2014 20:57;815;8
20.03.2014 20:57;818;8
20.03.2014 20:57;819;8
20.03.2014 20:57;821;8
20.03.2014 20:57;833;8
20.03.2014 20:57;834;8
20.03.2014 20:57;835;8
20.03.2014 20:57;834;8
20.03.2014 20:57;839;8
20.03.2014 20:57;838;8
20.03.2014 20:58;837;8
20.03.2014 20:58;836;8
20.03.2014 20:58;835;8
20.03.2014 20:58;836;8
20.03.2014 20:58;835;8
20.03.2014 20:58;836;8
20.03.2014 20:58;835;8
20.03.2014 20:58;831;8
20.03.2014 20:58;832;8
20.03.2014 20:58;833;8
20.03.2014 20:58;834;8
20.03.2014 20:58;834;8
20.03.2014 20:59;838;8
20.03.2014 20:59;839;8
20.03.2014 20:59;841;8
20.03.2014 20:59;845;8
20.03.2014 20:59;846;8
20.03.2014 20:59;848;8
20.03.2014 20:59;865;8
20.03.2014 20:59;865;8
20.03.2014 20:59;868;8
20.03.2014 20:59;869;8
20.03.2014 20:59;870;8
20.03.2014 20:59;871;8
20.03.2014 21:00;872;8
20.03.2014 21:00;876;8
20.03.2014 21:00;876;8
20.03.2014 21:00;875;8
20.03.2014 21:00;878;8
20.03.2014 21:00;879;8
20.03.2014 21:00;880;8
20.03.2014 21:00;883;8
20.03.2014 21:00;884;8
20.03.2014 21:00;888;8
20.03.2014 21:00;889;8
20.03.2014 21:00;892;8
20.03.2014 21:01;894;8
20.03.2014 21:01;896;8
20.03.2014 21:01;897;8
20.03.2014 21:01;895;8
20.03.2014 21:01;894;8
20.03.2014 21:01;896;8
20.03.2014 21:01;897;8
20.03.2014 21:01;899;8
20.03.2014 21:01;898;8
20.03.2014 21:01;897;8
20.03.2014 21:01;898;8
20.03.2014 21:01;900;8
20.03.2014 21:02;902;8
20.03.2014 21:02;904;8
20.03.2014 21:02;907;8
20.03.2014 21:02;909;8
20.03.2014 21:02;908;8
20.03.2014 21:02;909;8
20.03.2014 21:02;911;8
20.03.2014 21:02;910;8
20.03.2014 21:02;909;8
20.03.2014 21:02;909;8
20.03.2014 21:02;911;8
20.03.2014 21:02;911;8
20.03.2014 21:03;913;8
20.03.2014 21:03;916;8
20.03.2014 21:03;917;8
20.03.2014 21:03;921;8
20.03.2014 21:03;934;8
20.03.2014 21:03;939;8
20.03.2014 21:03;942;8
20.03.2014 21:03;943;8
20.03.2014 21:03;944;8
20.03.2014 21:03;944;8
20.03.2014 21:03;946;8
20.03.2014 21:03;947;8
20.03.2014 21:04;948;8
20.03.2014 21:04;950;8
20.03.2014 21:04;952;8
20.03.2014 21:04;951;8
20.03.2014 21:04;954;8
20.03.2014 21:04;955;8
20.03.2014 21:04;957;8
20.03.2014 21:04;958;8
20.03.2014 21:04;959;8
20.03.2014 21:04;963;8
20.03.2014 21:04;964;8
20.03.2014 21:04;965;8
20.03.2014 21:05;967;8
20.03.2014 21:05;969;8
20.03.2014 21:05;967;8
20.03.2014 21:05;968;8
20.03.2014 21:05;970;8
20.03.2014 21:05;971;8
20.03.2014 21:05;971;8
20.03.2014 21:05;973;8
20.03.2014 21:05;973;8
20.03.2014 21:05;976;8
20.03.2014 21:05;977;8
20.03.2014 21:05;976;8
20.03.2014 21:06;977;8
20.03.2014 21:06;980;8
20.03.2014 21:06;978;8
20.03.2014 21:06;981;8
20.03.2014 21:06;982;8
20.03.2014 21:06;983;8
20.03.2014 21:06;984;8
20.03.2014 21:06;986;8
20.03.2014 21:06;989;8
20.03.2014 21:06;992;8
20.03.2014 21:06;994;8
20.03.2014 21:06;996;8
20.03.2014 21:07;997;8
20.03.2014 21:07;999;8
20.03.2014 21:07;1000;8
20.03.2014 21:07;1001;8
20.03.2014 21:07;1003;8
20.03.2014 21:07;1002;8
20.03.2014 21:07;1004;8
20.03.2014 21:07;1006;8
20.03.2014 21:07;1008;8
20.03.2014 21:07;1011;8
20.03.2014 21:07;1012;8
20.03.2014 21:07;1016;8
20.03.2014 21:08;1016;8
20.03.2014 21:08;1018;8
20.03.2014 21:08;1025;8
20.03.2014 21:08;1026;8
20.03.2014 21:08;1028;8
20.03.2014 21:08;1028;8
20.03.2014 21:08;1030;8
20.03.2014 21:08;1030;8
20.03.2014 21:08;1028;8
20.03.2014 21:08;1027;8
20.03.2014 21:08;1028;8
20.03.2014 21:08;1030;8
20.03.2014 21:09;1031;8
20.03.2014 21:09;1032;8
20.03.2014 21:09;1033;8
20.03.2014 21:09;1037;8
20.03.2014 21:09;1036;8
20.03.2014 21:09;1039;8
20.03.2014 21:09;1038;8
20.03.2014 21:09;1039;8
20.03.2014 21:09;1040;8
20.03.2014 21:09;1063;8
20.03.2014 21:09;1057;8
20.03.2014 21:09;1055;8
20.03.2014 21:10;1056;8
20.03.2014 21:10;1060;8
20.03.2014 21:10;1055;8
20.03.2014 21:10;1052;8
20.03.2014 21:10;1056;8
20.03.2014 21:10;1055;8
20.03.2014 21:10;1065;8
20.03.2014 21:10;1083;8
20.03.2014 21:10;1081;8
20.03.2014 21:10;1080;8
20.03.2014 21:10;1081;8
20.03.2014 21:10;1079;8
20.03.2014 21:11;1083;8
20.03.2014 21:11;1077;8
20.03.2014 21:11;1085;8
20.03.2014 21:11;1077;8
20.03.2014 21:11;1076;8
20.03.2014 21:11;1080;8
20.03.2014 21:11;1081;8
20.03.2014 21:11;1080;8
20.03.2014 21:11;1079;8
20.03.2014 21:11;1080;8
20.03.2014 21:11;1081;8
20.03.2014 21:12;1080;8
20.03.2014 21:12;1079;8
20.03.2014 21:12;1084;8
20.03.2014 21:12;1082;8
20.03.2014 21:12;1082;8
20.03.2014 21:12;1082;8
20.03.2014 21:12;1081;8
20.03.2014 21:12;1083;8
20.03.2014 21:12;1082;8
20.03.2014 21:12;1085;8
20.03.2014 21:12;1092;8
20.03.2014 21:12;1087;8
20.03.2014 21:13;1086;8
20.03.2014 21:13;1089;8
20.03.2014 21:13;1090;8
20.03.2014 21:13;1089;8
20.03.2014 21:13;1099;8
20.03.2014 21:13;1100;8
20.03.2014 21:13;1096;8
20.03.2014 21:13;1092;8
20.03.2014 21:13;1093;8
20.03.2014 21:13;1092;8
20.03.2014 21:13;1094;8
20.03.2014 21:13;1097;8
20.03.2014 21:14;1098;8
20.03.2014 21:14;1100;8
20.03.2014 21:14;1107;8
20.03.2014 21:14;1109;8
20.03.2014 21:14;1111;8
20.03.2014 21:14;1110;8
20.03.2014 21:14;1109;8
20.03.2014 21:14;1112;8
20.03.2014 21:14;1124;8
20.03.2014 21:14;1122;8
20.03.2014 21:14;1119;8
20.03.2014 21:14;1120;8
20.03.2014 21:15;1124;8
20.03.2014 21:15;1123;8
20.03.2014 21:15;1126;8
20.03.2014 21:15;1128;8
20.03.2014 21:15;1130;8
20.03.2014 21:15;1134;8
20.03.2014 21:15;1135;8
20.03.2014 21:15;1137;8
20.03.2014 21:15;1142;8
20.03.2014 21:15;1142;8
20.03.2014 21:15;1144;8
20.03.2014 21:15;1146;8
20.03.2014 21:16;1145;8
20.03.2014 21:16;1146;8
20.03.2014 21:16;1147;8
20.03.2014 21:16;1149;8
20.03.2014 21:16;1150;8
20.03.2014 21:16;1153;8
20.03.2014 21:16;1156;8
20.03.2014 21:16;1158;8
20.03.2014 21:16;1159;8
20.03.2014 21:16;1160;8
20.03.2014 21:16;1159;8
20.03.2014 21:16;1158;8
20.03.2014 21:17;1162;8
20.03.2014 21:17;1167;8
20.03.2014 21:17;1166;8
20.03.2014 21:17;1167;8
20.03.2014 21:17;1169;8
20.03.2014 21:17;1168;8
20.03.2014 21:17;1175;8
20.03.2014 21:17;1170;8
20.03.2014 21:17;1171;8
20.03.2014 21:17;1172;8
20.03.2014 21:17;1174;8
20.03.2014 21:17;1175;8
20.03.2014 21:18;1176;8
20.03.2014 21:18;1181;8
20.03.2014 21:18;1182;8
20.03.2014 21:18;1183;8
20.03.2014 21:18;1182;8
20.03.2014 21:18;1188;8
20.03.2014 21:18;1188;8
20.03.2014 21:18;1187;8
20.03.2014 21:18;1187;8
20.03.2014 21:18;1191;8
20.03.2014 21:18;1193;8
20.03.2014 21:18;1194;8
20.03.2014 21:19;1195;8
20.03.2014 21:19;1194;8
20.03.2014 21:19;1201;8
20.03.2014 21:19;1198;8
20.03.2014 21:19;1199;8
20.03.2014 21:19;1208;8
20.03.2014 21:19;1202;8
20.03.2014 21:19;1204;8
20.03.2014 21:19;1207;8
20.03.2014 21:19;1209;8
20.03.2014 21:19;1210;8
20.03.2014 21:19;1212;8
20.03.2014 21:20;1213;8
20.03.2014 21:20;1215;8
20.03.2014 21:20;1219;8
20.03.2014 21:20;1220;8
20.03.2014 21:20;1219;8
20.03.2014 21:20;1223;8
20.03.2014 21:20;1226;8
20.03.2014 21:20;1229;8
20.03.2014 21:20;1233;8
20.03.2014 21:20;1234;8
20.03.2014 21:20;1235;8
20.03.2014 21:20;1237;8
20.03.2014 21:21;1239;8
20.03.2014 21:21;1241;8
20.03.2014 21:21;1242;8
20.03.2014 21:21;1245;8
20.03.2014 21:21;1246;8
20.03.2014 21:21;1254;8
20.03.2014 21:21;1255;8
20.03.2014 21:21;1254;8
20.03.2014 21:21;1258;8
20.03.2014 21:21;1259;8
20.03.2014 21:21;1262;8
20.03.2014 21:21;1261;8
20.03.2014 21:22;1262;8
20.03.2014 21:22;1265;8
20.03.2014 21:22;1268;8
20.03.2014 21:22;1270;8
20.03.2014 21:22;1270;8
20.03.2014 21:22;1269;8
20.03.2014 21:22;1270;8
20.03.2014 21:22;1269;8
20.03.2014 21:22;1268;8
20.03.2014 21:22;1269;8
20.03.2014 21:22;1268;8
20.03.2014 21:22;1267;8
20.03.2014 21:23;1268;8
20.03.2014 21:23;1267;8
20.03.2014 21:23;1269;8
20.03.2014 21:23;1271;8
20.03.2014 21:23;1270;8
20.03.2014 21:23;1273;8
20.03.2014 21:23;1272;8
20.03.2014 21:23;1272;8
20.03.2014 21:23;1271;8
20.03.2014 21:23;1267;8
20.03.2014 21:23;1265;8
20.03.2014 21:23;1266;8
20.03.2014 21:24;1265;8
20.03.2014 21:24;1266;8
20.03.2014 21:24;1267;8
20.03.2014 21:24;1264;8
20.03.2014 21:24;1265;8
20.03.2014 21:24;1266;8
20.03.2014 21:24;1265;8
20.03.2014 21:24;1264;8
20.03.2014 21:24;1279;8
20.03.2014 21:24;1291;8
20.03.2014 21:24;1287;8
20.03.2014 21:24;1289;8
20.03.2014 21:25;1288;8
20.03.2014 21:25;1286;8
20.03.2014 21:25;1288;8
20.03.2014 21:25;1287;8
20.03.2014 21:25;1290;8
20.03.2014 21:25;1289;8
20.03.2014 21:25;1291;8
20.03.2014 21:25;1289;8
20.03.2014 21:25;1297;8
20.03.2014 21:25;1295;8
20.03.2014 21:25;1294;8
20.03.2014 21:25;1296;8
20.03.2014 21:26;1297;8
20.03.2014 21:26;1300;8
20.03.2014 21:26;1301;8
20.03.2014 21:26;1302;8
20.03.2014 21:26;1303;8
20.03.2014 21:26;1305;8
20.03.2014 21:26;1306;8
20.03.2014 21:26;1309;8
20.03.2014 21:26;1312;8
20.03.2014 21:26;1312;8
20.03.2014 21:26;1314;8
20.03.2014 21:26;1315;8
20.03.2014 21:27;1312;8
20.03.2014 21:27;1307;8
20.03.2014 21:27;1311;8
20.03.2014 21:27;1310;8
20.03.2014 21:27;1309;8
20.03.2014 21:27;1309;8
20.03.2014 21:27;1309;8
20.03.2014 21:27;1310;8
20.03.2014 21:27;1311;8
20.03.2014 21:27;1309;8
20.03.2014 21:27;1311;8
20.03.2014 21:27;1312;8
20.03.2014 21:28;1313;8
20.03.2014 21:28;1314;8
20.03.2014 21:28;1315;8
20.03.2014 21:28;1316;8
20.03.2014 21:28;1319;8
20.03.2014 21:28;1321;8
20.03.2014 21:28;1320;8
20.03.2014 21:28;1319;8
20.03.2014 21:28;1320;8
20.03.2014 21:28;1319;8
20.03.2014 21:28;1321;8
20.03.2014 21:28;1322;8
20.03.2014 21:29;1323;8
20.03.2014 21:29;1325;8
20.03.2014 21:29;1327;8
20.03.2014 21:29;1330;8
20.03.2014 21:29;1331;8
20.03.2014 21:29;1333;8
20.03.2014 21:29;1335;8
20.03.2014 21:29;1336;8
20.03.2014 21:29;1338;8
20.03.2014 21:29;1349;8
20.03.2014 21:29;1350;8
20.03.2014 21:29;1351;8
20.03.2014 21:30;1352;8
20.03.2014 21:30;1353;8
20.03.2014 21:30;1357;8
20.03.2014 21:30;1358;8
20.03.2014 21:30;1358;8
20.03.2014 21:30;1358;8
20.03.2014 21:30;1359;8
20.03.2014 21:30;1361;8
20.03.2014 21:30;1362;8
20.03.2014 21:30;1361;8
20.03.2014 21:30;1362;8
20.03.2014 21:30;1363;8
20.03.2014 21:31;1367;8
20.03.2014 21:31;1368;8
20.03.2014 21:31;1369;8
20.03.2014 21:31;1370;8
20.03.2014 21:31;1371;8
20.03.2014 21:31;1374;8
20.03.2014 21:31;1373;8
20.03.2014 21:31;1374;8
20.03.2014 21:31;1375;8
20.03.2014 21:31;1376;8
20.03.2014 21:31;1378;8
20.03.2014 21:31;1379;8
20.03.2014 21:32;1380;8
20.03.2014 21:32;1380;8
20.03.2014 21:32;1381;8
20.03.2014 21:32;1382;9
20.03.2014 21:32;1383;9
20.03.2014 21:32;1384;9
20.03.2014 21:32;1387;8
20.03.2014 21:32;1388;8
20.03.2014 21:32;1389;9
20.03.2014 21:32;1388;9
20.03.2014 21:32;1390;8
20.03.2014 21:32;1389;8
20.03.2014 21:33;1391;9
20.03.2014 21:33;1391;9
20.03.2014 21:33;1389;9
20.03.2014 21:33;1390;8
20.03.2014 21:33;1391;9
20.03.2014 21:33;1390;9
20.03.2014 21:33;1392;8
20.03.2014 21:33;1392;9
20.03.2014 21:33;1392;9
20.03.2014 21:33;1395;8
20.03.2014 21:33;1395;9
20.03.2014 21:33;1394;9
20.03.2014 21:34;1395;8
20.03.2014 21:34;1393;8
20.03.2014 21:34;1395;9
20.03.2014 21:34;1396;9
20.03.2014 21:34;1396;9
20.03.2014 21:34;1397;8
20.03.2014 21:34;1396;8
20.03.2014 21:34;1397;8
20.03.2014 21:34;1398;8
20.03.2014 21:34;1399;9
20.03.2014 21:34;1399;9
20.03.2014 21:34;1401;9
20.03.2014 21:35;1406;9
20.03.2014 21:35;1409;9
20.03.2014 21:35;1408;8
20.03.2014 21:35;1409;9
20.03.2014 21:35;1410;9
20.03.2014 21:35;1411;9
20.03.2014 21:35;1412;9
20.03.2014 21:35;1413;8
20.03.2014 21:35;1412;9
20.03.2014 21:35;1414;9
20.03.2014 21:35;1415;9
20.03.2014 21:35;1417;9
20.03.2014 21:36;1418;9
20.03.2014 21:36;1419;9
20.03.2014 21:36;1421;9
20.03.2014 21:36;1422;9
20.03.2014 21:36;1423;9
20.03.2014 21:36;1425;9
20.03.2014 21:36;1424;9
20.03.2014 21:36;1425;9
20.03.2014 21:36;1426;9
20.03.2014 21:36;1427;9
20.03.2014 21:36;1428;9
20.03.2014 21:36;1430;9
20.03.2014 21:37;1431;9
20.03.2014 21:37;1432;9
20.03.2014 21:37;1432;9
20.03.2014 21:37;1434;9
20.03.2014 21:37;1433;9
20.03.2014 21:37;1434;9
20.03.2014 21:37;1432;9
20.03.2014 21:37;1435;9
20.03.2014 21:37;1434;9
20.03.2014 21:37;1435;9
20.03.2014 21:37;1434;9
20.03.2014 21:38;1433;9
20.03.2014 21:38;1435;9
20.03.2014 21:38;1434;9
20.03.2014 21:38;1435;9
20.03.2014 21:38;1437;9
20.03.2014 21:38;1438;9
20.03.2014 21:38;1439;9
20.03.2014 21:38;1440;9
20.03.2014 21:38;1443;9
20.03.2014 21:38;1442;9
20.03.2014 21:38;1444;9
20.03.2014 21:38;1447;9
20.03.2014 21:39;1445;9
20.03.2014 21:39;1448;9
20.03.2014 21:39;1447;9
20.03.2014 21:39;1450;9
20.03.2014 21:39;1451;9
20.03.2014 21:39;1451;9
20.03.2014 21:39;1452;9
20.03.2014 21:39;1451;9
20.03.2014 21:39;1450;9
20.03.2014 21:39;1452;9
20.03.2014 21:39;1453;9
20.03.2014 21:39;1455;9
20.03.2014 21:40;1456;9
20.03.2014 21:40;1457;9
20.03.2014 21:40;1458;9
20.03.2014 21:40;1459;9
20.03.2014 21:40;1463;9
20.03.2014 21:40;1462;9
20.03.2014 21:40;1463;9
20.03.2014 21:40;1463;9
20.03.2014 21:40;1463;9
20.03.2014 21:40;1464;9
20.03.2014 21:40;1462;9
20.03.2014 21:40;1463;9
20.03.2014 21:41;1464;9
20.03.2014 21:41;1464;9
20.03.2014 21:41;1466;9
20.03.2014 21:41;1465;9
20.03.2014 21:41;1469;9
20.03.2014 21:41;1470;9
20.03.2014 21:41;1471;9
20.03.2014 21:41;1470;9
20.03.2014 21:41;1472;9
20.03.2014 21:41;1473;9
20.03.2014 21:41;1474;9
20.03.2014 21:41;1475;9
20.03.2014 21:42;1474;9
20.03.2014 21:42;1476;9
20.03.2014 21:42;1475;9
20.03.2014 21:42;1476;9
20.03.2014 21:42;1477;9
20.03.2014 21:42;1478;9
20.03.2014 21:42;1477;9
20.03.2014 21:42;1480;10
20.03.2014 21:42;1481;10
20.03.2014 21:42;1483;10
20.03.2014 21:42;1484;10
20.03.2014 21:42;1485;9
20.03.2014 21:43;1487;10
20.03.2014 21:43;1488;10
20.03.2014 21:43;1490;10
20.03.2014 21:43;1491;10
20.03.2014 21:43;1492;10
20.03.2014 21:43;1493;10
20.03.2014 21:43;1496;10
20.03.2014 21:43;1496;10
20.03.2014 21:43;1497;10
20.03.2014 21:43;1498;10
20.03.2014 21:43;1499;10
20.03.2014 21:43;1500;10
20.03.2014 21:44;1504;10
20.03.2014 21:44;1503;10
20.03.2014 21:44;1502;10
20.03.2014 21:44;1504;10
20.03.2014 21:44;1504;10
20.03.2014 21:44;1506;10
20.03.2014 21:44;1507;10
20.03.2014 21:44;1508;9
20.03.2014 21:44;1510;10
20.03.2014 21:44;1512;10
20.03.2014 21:44;1512;10
20.03.2014 21:44;1513;10
20.03.2014 21:45;1512;10
20.03.2014 21:45;1514;10
20.03.2014 21:45;1513;10
20.03.2014 21:45;1515;10
20.03.2014 21:45;1516;10
20.03.2014 21:45;1519;10
20.03.2014 21:45;1518;10
20.03.2014 21:45;1521;10
20.03.2014 21:45;1521;10
20.03.2014 21:45;1522;10
20.03.2014 21:45;1524;10
20.03.2014 21:45;1525;10
20.03.2014 21:46;1527;10
20.03.2014 21:46;1529;10
20.03.2014 21:46;1530;10
20.03.2014 21:46;1533;10
20.03.2014 21:46;1537;10
20.03.2014 21:46;1538;10
20.03.2014 21:46;1540;10
20.03.2014 21:46;1476;10
20.03.2014 21:46;1474;10
20.03.2014 21:46;1472;10
20.03.2014 21:46;1467;10
20.03.2014 21:46;1470;10
20.03.2014 21:47;1473;10
20.03.2014 21:47;1474;10
20.03.2014 21:47;1473;10
20.03.2014 21:47;1487;10
20.03.2014 21:47;1555;10
20.03.2014 21:47;1553;10
20.03.2014 21:47;1552;10
20.03.2014 21:47;1553;10
20.03.2014 21:47;1554;10
20.03.2014 21:47;1553;10
20.03.2014 21:47;1554;10
20.03.2014 21:47;1556;10
20.03.2014 21:48;1555;10
20.03.2014 21:48;1558;10
20.03.2014 21:48;1560;10
20.03.2014 21:48;1561;10
20.03.2014 21:48;1562;10
20.03.2014 21:48;1561;10
20.03.2014 21:48;1563;10
20.03.2014 21:48;1564;10
20.03.2014 21:48;1565;10
20.03.2014 21:48;1563;10
20.03.2014 21:48;1565;10
20.03.2014 21:48;1567;10
20.03.2014 21:49;1569;10
20.03.2014 21:49;1570;10
20.03.2014 21:49;1569;10
20.03.2014 21:49;1572;10
20.03.2014 21:49;1573;10
20.03.2014 21:49;1574;10
20.03.2014 21:49;1576;10
20.03.2014 21:49;1577;10
20.03.2014 21:49;1578;10
20.03.2014 21:49;1580;10
20.03.2014 21:49;1581;10
20.03.2014 21:49;1581;10
20.03.2014 21:50;1583;10
20.03.2014 21:50;1575;10
20.03.2014 21:50;1574;10
20.03.2014 21:50;1573;10
20.03.2014 21:50;1569;10
20.03.2014 21:50;1568;10
20.03.2014 21:50;1567;10
20.03.2014 21:50;1566;10
20.03.2014 21:50;1566;10
20.03.2014 21:50;1568;10
20.03.2014 21:50;1569;10
20.03.2014 21:50;1568;10
20.03.2014 21:51;1569;10
20.03.2014 21:51;1570;10
20.03.2014 21:51;1569;10
20.03.2014 21:51;1571;10
20.03.2014 21:51;1572;10
20.03.2014 21:51;1573;10
20.03.2014 21:51;1574;10
20.03.2014 21:51;1577;10
20.03.2014 21:51;1579;10
20.03.2014 21:51;1581;10
20.03.2014 21:51;1582;10
20.03.2014 21:51;1583;10
20.03.2014 21:52;1585;10
20.03.2014 21:52;1586;10
20.03.2014 21:52;1585;10
20.03.2014 21:52;1586;10
20.03.2014 21:52;1589;10
20.03.2014 21:52;1591;10
20.03.2014 21:52;1594;10
20.03.2014 21:52;1593;10
20.03.2014 21:52;1596;10
20.03.2014 21:52;1597;10
20.03.2014 21:52;1599;10
20.03.2014 21:52;1600;10
20.03.2014 21:53;1603;10
20.03.2014 21:53;1605;10
20.03.2014 21:53;1606;10
20.03.2014 21:53;1607;10
20.03.2014 21:53;1611;10
20.03.2014 21:53;1613;10
20.03.2014 21:53;1614;10
20.03.2014 21:53;1615;10
20.03.2014 21:53;1617;10
20.03.2014 21:53;1618;10
20.03.2014 21:53;1619;10
20.03.2014 21:53;1620;10
20.03.2014 21:54;1622;10
20.03.2014 21:54;1624;10
20.03.2014 21:54;1627;10
20.03.2014 21:54;1628;10
20.03.2014 21:54;1629;10
20.03.2014 21:54;1631;10
20.03.2014 21:54;1632;10
20.03.2014 21:54;1633;10
20.03.2014 21:54;1634;10
20.03.2014 21:54;1633;10
20.03.2014 21:54;1635;10
20.03.2014 21:54;1634;10
20.03.2014 21:55;1635;10
20.03.2014 21:55;1637;10
20.03.2014 21:55;1638;11
20.03.2014 21:55;1639;10
20.03.2014 21:55;1640;11
20.03.2014 21:55;1641;10
20.03.2014 21:55;1642;10
20.03.2014 21:55;1647;11
20.03.2014 21:55;1665;10
20.03.2014 21:55;1656;10
20.03.2014 21:55;1649;11
20.03.2014 21:55;1638;11
20.03.2014 21:56;1639;11
20.03.2014 21:56;1640;10
20.03.2014 21:56;1643;11
20.03.2014 21:56;1641;11
20.03.2014 21:56;1643;10
20.03.2014 21:56;1666;10
20.03.2014 21:56;1668;11
20.03.2014 21:56;1665;11
20.03.2014 21:56;1664;11
20.03.2014 21:56;1663;11
20.03.2014 21:56;1661;11
20.03.2014 21:56;1665;11
20.03.2014 21:57;1667;11
20.03.2014 21:57;1667;11
20.03.2014 21:57;1668;11
20.03.2014 21:57;1667;11
20.03.2014 21:57;1668;11
20.03.2014 21:57;1667;11
20.03.2014 21:57;1669;11
20.03.2014 21:57;1671;11
20.03.2014 21:57;1673;11
20.03.2014 21:57;1674;11
20.03.2014 21:57;1675;11
20.03.2014 21:57;1676;11
20.03.2014 21:58;1679;11
20.03.2014 21:58;1680;11
20.03.2014 21:58;1681;11
20.03.2014 21:58;1681;11
20.03.2014 21:58;1684;11
20.03.2014 21:58;1691;11
20.03.2014 21:58;1690;11
20.03.2014 21:58;1691;11
20.03.2014 21:58;1690;11
20.03.2014 21:58;1693;11
20.03.2014 21:58;1695;11
20.03.2014 21:58;1696;11
20.03.2014 21:59;1697;11
20.03.2014 21:59;1699;11
20.03.2014 21:59;1701;11
20.03.2014 21:59;1703;11
20.03.2014 21:59;1706;11
20.03.2014 21:59;1708;11
20.03.2014 21:59;1709;11
20.03.2014 21:59;1710;11
20.03.2014 21:59;1713;11
20.03.2014 21:59;1714;11
20.03.2014 21:59;1715;11
20.03.2014 21:59;1716;11
20.03.2014 22:00;1717;11
20.03.2014 22:00;1716;11
20.03.2014 22:00;1717;11
20.03.2014 22:00;1720;11
20.03.2014 22:00;1719;11
20.03.2014 22:00;1718;11
20.03.2014 22:00;1718;11
20.03.2014 22:00;1724;11
20.03.2014 22:00;1721;11
20.03.2014 22:00;1721;11
20.03.2014 22:00;1721;11
20.03.2014 22:01;1722;11
20.03.2014 22:01;1724;11
20.03.2014 22:01;1725;11
20.03.2014 22:01;1724;11
20.03.2014 22:01;1727;11
20.03.2014 22:01;1728;11
20.03.2014 22:01;1727;11
20.03.2014 22:01;1728;11
20.03.2014 22:01;1727;11
20.03.2014 22:01;1729;11
20.03.2014 22:01;1728;11
20.03.2014 22:01;1727;11
20.03.2014 22:02;1728;11
20.03.2014 22:02;1729;11
20.03.2014 22:02;1730;11
20.03.2014 22:02;1733;11
20.03.2014 22:02;1760;11
20.03.2014 22:02;1754;11
20.03.2014 22:02;1746;11
20.03.2014 22:02;1741;11
20.03.2014 22:02;1739;11
20.03.2014 22:02;1737;11
20.03.2014 22:02;1738;11
20.03.2014 22:02;1740;11
20.03.2014 22:03;1740;11
20.03.2014 22:03;1742;11
20.03.2014 22:03;1741;11
20.03.2014 22:03;1745;11
20.03.2014 22:03;1745;11
20.03.2014 22:03;1747;11
20.03.2014 22:03;1750;11
20.03.2014 22:03;1751;11
20.03.2014 22:03;1752;11
20.03.2014 22:03;1754;11
20.03.2014 22:03;1753;11
20.03.2014 22:03;1756;11
20.03.2014 22:04;1755;11
20.03.2014 22:04;1754;11
20.03.2014 22:04;1753;11
20.03.2014 22:04;1763;11
20.03.2014 22:04;1757;11
20.03.2014 22:04;1755;11
20.03.2014 22:04;1751;11
20.03.2014 22:04;1750;11
20.03.2014 22:04;1751;11
20.03.2014 22:04;1749;11
20.03.2014 22:04;1755;11
20.03.2014 22:04;1752;11
20.03.2014 22:05;1753;11
20.03.2014 22:05;1752;11
20.03.2014 22:05;1751;12
20.03.2014 22:05;1750;11
20.03.2014 22:05;1759;11
20.03.2014 22:05;1761;12
20.03.2014 22:05;1763;12
20.03.2014 22:05;1762;12
20.03.2014 22:05;1761;11
20.03.2014 22:05;1763;12
20.03.2014 22:05;1761;12
20.03.2014 22:05;1762;12
20.03.2014 22:06;1764;11
20.03.2014 22:06;1765;12
20.03.2014 22:06;1764;12
20.03.2014 22:06;1775;12
20.03.2014 22:06;1776;12
20.03.2014 22:06;1778;12
20.03.2014 22:06;1779;12
20.03.2014 22:06;1728;12
20.03.2014 22:06;1727;12
20.03.2014 22:06;1726;12
20.03.2014 22:06;1725;12
20.03.2014 22:06;1722;12
20.03.2014 22:07;1725;12
20.03.2014 22:07;1727;12
20.03.2014 22:07;1724;12
20.03.2014 22:07;1734;12
20.03.2014 22:07;1730;12
20.03.2014 22:07;1733;12
20.03.2014 22:07;1734;12
20.03.2014 22:07;1732;12
20.03.2014 22:07;1735;12
20.03.2014 22:07;1740;12
20.03.2014 22:07;1738;12
20.03.2014 22:07;1741;12
20.03.2014 22:08;1743;12
20.03.2014 22:08;1748;12
20.03.2014 22:08;1745;12
20.03.2014 22:08;1741;12
20.03.2014 22:08;1748;12
20.03.2014 22:08;1752;12
20.03.2014 22:08;1753;12
20.03.2014 22:08;1794;12
20.03.2014 22:08;1778;12
20.03.2014 22:08;1780;12
20.03.2014 22:08;1788;12
20.03.2014 22:08;1773;12
20.03.2014 22:09;1781;12
20.03.2014 22:09;1779;12
20.03.2014 22:09;1777;12
20.03.2014 22:09;1783;12
20.03.2014 22:09;1779;12
20.03.2014 22:09;1773;12
20.03.2014 22:09;1780;12
20.03.2014 22:09;1783;12
20.03.2014 22:09;1779;12
20.03.2014 22:09;1780;12
20.03.2014 22:09;1779;12
20.03.2014 22:09;1777;12
20.03.2014 22:10;1786;12
20.03.2014 22:10;1781;12
20.03.2014 22:10;1786;12
20.03.2014 22:10;1786;12
20.03.2014 22:10;1787;12
20.03.2014 22:10;1802;12
20.03.2014 22:10;1783;12
20.03.2014 22:10;1776;12
20.03.2014 22:10;1773;12
20.03.2014 22:10;1772;12
20.03.2014 22:10;1776;12
20.03.2014 22:10;1774;12
20.03.2014 22:11;1773;12
20.03.2014 22:11;1775;12
20.03.2014 22:11;1775;12
20.03.2014 22:11;1775;12
20.03.2014 22:11;1770;12
20.03.2014 22:11;1762;12
20.03.2014 22:11;1789;12
20.03.2014 22:11;1862;12
20.03.2014 22:11;1863;12
20.03.2014 22:11;1862;12
20.03.2014 22:11;1860;12
20.03.2014 22:11;1861;12
20.03.2014 22:12;1861;12
20.03.2014 22:12;1861;12
20.03.2014 22:12;1863;12
20.03.2014 22:12;1865;12
20.03.2014 22:12;1868;12
20.03.2014 22:12;1866;12
20.03.2014 22:12;1865;12
20.03.2014 22:12;1866;12
20.03.2014 22:12;1867;12
20.03.2014 22:12;1864;12
20.03.2014 22:12;1866;12
20.03.2014 22:12;1867;12
20.03.2014 22:13;1866;12
20.03.2014 22:13;1868;12
20.03.2014 22:13;1868;12
20.03.2014 22:13;1869;12
20.03.2014 22:13;1870;12
20.03.2014 22:13;1872;12
20.03.2014 22:13;1871;12
20.03.2014 22:13;1872;12
20.03.2014 22:13;1873;12
20.03.2014 22:13;1875;12
20.03.2014 22:13;1874;12
20.03.2014 22:13;1873;12
20.03.2014 22:14;1879;12
20.03.2014 22:14;1876;12
20.03.2014 22:14;1882;12
20.03.2014 22:14;1875;12
20.03.2014 22:14;1869;12
20.03.2014 22:14;1867;12
20.03.2014 22:14;1879;12
20.03.2014 22:14;1881;12
20.03.2014 22:14;1886;12
20.03.2014 22:14;1889;12
20.03.2014 22:14;1890;12
20.03.2014 22:14;1886;12
20.03.2014 22:15;1881;12
20.03.2014 22:15;1878;12
20.03.2014 22:15;1873;12
20.03.2014 22:15;1836;12
20.03.2014 22:15;1829;12
20.03.2014 22:15;1830;12
20.03.2014 22:15;1814;12
20.03.2014 22:15;1809;12
20.03.2014 22:15;1808;12
20.03.2014 22:15;1802;12
20.03.2014 22:15;1800;12
20.03.2014 22:15;1791;12
20.03.2014 22:16;1790;12
20.03.2014 22:16;1794;12
20.03.2014 22:16;1798;12
20.03.2014 22:16;1793;12
20.03.2014 22:16;1784;12
20.03.2014 22:16;1780;12
20.03.2014 22:16;1781;12
20.03.2014 22:16;1789;12
20.03.2014 22:16;1785;12
20.03.2014 22:16;1786;12
20.03.2014 22:16;1779;12
20.03.2014 22:16;1775;12
20.03.2014 22:17;1774;12
20.03.2014 22:17;1769;12
20.03.2014 22:17;1763;12
20.03.2014 22:17;1759;12
20.03.2014 22:17;1768;12
20.03.2014 22:17;1775;12
20.03.2014 22:17;1768;12
20.03.2014 22:17;1767;12
20.03.2014 22:17;1777;12
20.03.2014 22:17;1778;12
20.03.2014 22:17;1775;12
20.03.2014 22:17;1771;12
20.03.2014 22:18;1775;12
20.03.2014 22:18;1772;12
20.03.2014 22:18;1770;12
20.03.2014 22:18;1773;12
20.03.2014 22:18;1773;12
20.03.2014 22:18;1787;12
20.03.2014 22:18;1775;12
20.03.2014 22:18;1778;12
20.03.2014 22:18;1780;12
20.03.2014 22:18;1792;12
20.03.2014 22:18;1790;12
20.03.2014 22:18;1792;12
20.03.2014 22:19;1795;12
20.03.2014 22:19;1794;12
20.03.2014 22:19;1793;12
20.03.2014 22:19;1798;12
20.03.2014 22:19;1802;12
20.03.2014 22:19;1809;12
20.03.2014 22:19;1807;12
20.03.2014 22:19;1815;12
20.03.2014 22:19;1809;12
20.03.2014 22:19;1812;12
20.03.2014 22:19;1814;12
20.03.2014 22:19;1812;12
20.03.2014 22:20;1815;12
20.03.2014 22:20;1818;12
20.03.2014 22:20;1817;12
20.03.2014 22:20;1821;12
20.03.2014 22:20;1830;12
20.03.2014 22:20;1812;12
20.03.2014 22:20;1814;12
20.03.2014 22:20;1808;12
20.03.2014 22:20;1813;12
20.03.2014 22:20;1794;12
20.03.2014 22:20;1816;12
20.03.2014 22:20;1821;12
20.03.2014 22:21;1815;12
20.03.2014 22:21;1799;12
20.03.2014 22:21;1790;12
20.03.2014 22:21;1780;12
20.03.2014 22:21;1898;12
20.03.2014 22:21;1894;12
20.03.2014 22:21;1892;12
20.03.2014 22:21;1893;12
20.03.2014 22:21;1892;12
20.03.2014 22:21;1891;12
20.03.2014 22:21;1892;12
20.03.2014 22:21;1894;12
20.03.2014 22:22;1894;12
20.03.2014 22:22;1895;12
20.03.2014 22:22;1899;12
20.03.2014 22:22;1900;12
20.03.2014 22:22;1898;12
20.03.2014 22:22;1897;12
20.03.2014 22:22;1895;12
20.03.2014 22:22;1896;12
20.03.2014 22:22;1894;12
20.03.2014 22:22;1893;12
20.03.2014 22:22;1894;12
20.03.2014 22:22;1891;12
20.03.2014 22:23;1891;12
20.03.2014 22:23;1887;12
20.03.2014 22:23;1886;12
20.03.2014 22:23;1887;12
20.03.2014 22:23;1888;12
20.03.2014 22:23;1886;12
20.03.2014 22:23;1887;12
20.03.2014 22:23;1886;12
20.03.2014 22:23;1887;12
20.03.2014 22:23;1886;12
20.03.2014 22:23;1885;12
20.03.2014 22:23;1886;12
20.03.2014 22:24;1885;12
20.03.2014 22:24;1886;12
20.03.2014 22:24;1886;12
20.03.2014 22:24;1887;12
20.03.2014 22:24;1886;12
20.03.2014 22:24;1887;12
20.03.2014 22:24;1890;12
20.03.2014 22:24;1889;12
20.03.2014 22:24;1888;12
20.03.2014 22:24;1887;12
20.03.2014 22:24;1889;12
20.03.2014 22:24;1888;12
20.03.2014 22:25;1889;12
20.03.2014 22:25;1888;12
20.03.2014 22:25;1887;12
20.03.2014 22:25;1886;12
20.03.2014 22:25;1887;12
20.03.2014 22:25;1884;12
20.03.2014 22:25;1883;12
20.03.2014 22:25;1884;12
20.03.2014 22:25;1883;12
20.03.2014 22:25;1881;12
20.03.2014 22:25;1879;12
20.03.2014 22:25;1878;12
20.03.2014 22:26;1877;12
20.03.2014 22:26;1878;12
20.03.2014 22:26;1877;12
20.03.2014 22:26;1876;12
20.03.2014 22:26;1878;12
20.03.2014 22:26;1876;12
20.03.2014 22:26;1875;12
20.03.2014 22:26;1879;12
20.03.2014 22:26;1880;12
20.03.2014 22:26;1880;12
20.03.2014 22:26;1880;12
20.03.2014 22:26;1881;12
20.03.2014 22:27;1881;12
20.03.2014 22:27;1883;12
20.03.2014 22:27;1881;12
20.03.2014 22:27;1880;12
20.03.2014 22:27;1881;12
20.03.2014 22:27;1882;12
20.03.2014 22:27;1882;12
20.03.2014 22:27;1882;12
20.03.2014 22:27;1883;12
20.03.2014 22:27;1880;12
20.03.2014 22:27;1878;12
20.03.2014 22:27;1879;12
20.03.2014 22:28;1880;12
20.03.2014 22:28;1881;12
20.03.2014 22:28;1882;13
20.03.2014 22:28;1857;12
20.03.2014 22:28;1841;12
20.03.2014 22:28;1842;13
20.03.2014 22:28;1833;13
20.03.2014 22:28;1839;13
20.03.2014 22:28;1852;13
20.03.2014 22:28;1851;13
20.03.2014 22:28;1845;13
20.03.2014 22:28;1836;13
20.03.2014 22:29;1843;13
20.03.2014 22:29;1839;13
20.03.2014 22:29;1835;13
20.03.2014 22:29;1849;13
20.03.2014 22:29;1853;13
20.03.2014 22:29;1856;13
20.03.2014 22:29;1855;13
20.03.2014 22:29;1852;13
20.03.2014 22:29;1856;13
20.03.2014 22:29;1863;13
20.03.2014 22:29;1865;13
20.03.2014 22:29;1864;13
20.03.2014 22:30;1859;13
20.03.2014 22:30;1857;13
20.03.2014 22:30;1865;13
20.03.2014 22:30;1862;13
20.03.2014 22:30;1864;13
20.03.2014 22:30;1865;13
20.03.2014 22:30;1867;13
20.03.2014 22:30;1857;13
20.03.2014 22:30;1849;13
20.03.2014 22:30;1847;13
20.03.2014 22:30;1844;13
20.03.2014 22:30;1850;13
20.03.2014 22:31;1834;13
20.03.2014 22:31;1831;13
20.03.2014 22:31;1829;13
20.03.2014 22:31;1827;13
20.03.2014 22:31;1835;13
20.03.2014 22:31;1833;13
20.03.2014 22:31;1831;13
20.03.2014 22:31;1832;13
20.03.2014 22:31;1830;13
20.03.2014 22:31;1832;13
20.03.2014 22:31;1834;13
20.03.2014 22:31;1835;13
20.03.2014 22:32;1837;13
20.03.2014 22:32;1842;13
20.03.2014 22:32;1844;13
20.03.2014 22:32;1851;13
20.03.2014 22:32;1852;13
20.03.2014 22:32;1856;13
20.03.2014 22:32;1857;13
20.03.2014 22:32;1858;13
20.03.2014 22:32;1862;13
20.03.2014 22:32;1861;13
20.03.2014 22:32;1861;13
20.03.2014 22:32;1857;13
20.03.2014 22:33;1856;13
20.03.2014 22:33;1854;13
20.03.2014 22:33;1853;13
20.03.2014 22:33;1850;13
20.03.2014 22:33;1846;13
20.03.2014 22:33;1840;13
20.03.2014 22:33;1836;13
20.03.2014 22:33;1834;13
20.03.2014 22:33;1834;13
20.03.2014 22:33;1832;13
20.03.2014 22:33;1830;13
20.03.2014 22:33;1827;14
20.03.2014 22:34;1831;13
20.03.2014 22:34;1825;13
20.03.2014 22:34;1824;13
20.03.2014 22:34;1821;13
20.03.2014 22:34;1820;13
20.03.2014 22:34;1817;13
20.03.2014 22:34;1818;13
20.03.2014 22:34;1816;14
20.03.2014 22:34;1815;14
20.03.2014 22:34;1810;14
20.03.2014 22:34;1808;14
20.03.2014 22:34;1811;14
20.03.2014 22:35;1808;13
20.03.2014 22:35;1807;14
20.03.2014 22:35;1808;14
20.03.2014 22:35;1810;14
20.03.2014 22:35;1804;14
20.03.2014 22:35;1799;14
20.03.2014 22:35;1797;14
20.03.2014 22:35;1797;14
20.03.2014 22:35;1802;14
20.03.2014 22:35;1801;14
20.03.2014 22:35;1800;14
20.03.2014 22:35;1802;14
20.03.2014 22:36;1799;14
20.03.2014 22:36;1807;14
20.03.2014 22:36;1823;14
20.03.2014 22:36;1815;14
20.03.2014 22:36;1817;14
20.03.2014 22:36;1815;14
20.03.2014 22:36;1813;14
20.03.2014 22:36;1814;14
20.03.2014 22:36;1806;14
20.03.2014 22:36;1810;14
20.03.2014 22:36;1809;14
20.03.2014 22:36;1805;14
20.03.2014 22:37;1804;14
20.03.2014 22:37;1807;14
20.03.2014 22:37;1796;14
20.03.2014 22:37;1798;14
20.03.2014 22:37;1801;14
20.03.2014 22:37;1802;14
20.03.2014 22:37;1803;14
20.03.2014 22:37;1800;14
20.03.2014 22:37;1799;14
20.03.2014 22:37;1797;14
20.03.2014 22:37;1798;14
20.03.2014 22:37;1788;14
20.03.2014 22:38;1790;14
20.03.2014 22:38;1789;14
20.03.2014 22:38;1788;14
20.03.2014 22:38;1779;14
20.03.2014 22:38;1786;14
20.03.2014 22:38;1787;14
20.03.2014 22:38;1785;14
20.03.2014 22:38;1786;14
20.03.2014 22:38;1838;14
20.03.2014 22:38;1791;14
20.03.2014 22:38;1787;14
20.03.2014 22:38;1783;14
20.03.2014 22:39;1860;14
20.03.2014 22:39;1774;14
20.03.2014 22:39;1775;14
20.03.2014 22:39;1774;14
20.03.2014 22:39;1773;14
20.03.2014 22:39;1769;14
20.03.2014 22:39;1852;14
20.03.2014 22:39;1851;14
20.03.2014 22:39;1850;14
20.03.2014 22:39;1848;14
20.03.2014 22:39;1847;14
20.03.2014 22:39;1846;14
20.03.2014 22:40;1847;14
20.03.2014 22:40;1849;14
20.03.2014 22:40;1845;14
20.03.2014 22:40;1846;14
20.03.2014 22:40;1845;14
20.03.2014 22:40;1847;14
20.03.2014 22:40;1846;14
20.03.2014 22:40;1847;14
20.03.2014 22:40;1846;14
20.03.2014 22:40;1846;14
20.03.2014 22:40;1846;14
20.03.2014 22:40;1845;14
20.03.2014 22:41;1846;14
20.03.2014 22:41;1845;14
20.03.2014 22:41;1846;14
20.03.2014 22:41;1845;14
20.03.2014 22:41;1845;14
20.03.2014 22:41;1845;14
20.03.2014 22:41;1844;14
20.03.2014 22:41;1843;14
20.03.2014 22:41;1845;14
20.03.2014 22:41;1843;14
20.03.2014 22:41;1841;14
20.03.2014 22:41;1841;14
20.03.2014 22:42;1839;14
20.03.2014 22:42;1839;14
20.03.2014 22:42;1837;14
20.03.2014 22:42;1837;14
20.03.2014 22:42;1835;14
20.03.2014 22:42;1834;15
20.03.2014 22:42;1748;14
20.03.2014 22:42;1770;15
20.03.2014 22:42;1752;14
20.03.2014 22:42;1832;15
20.03.2014 22:42;1830;15
20.03.2014 22:43;1829;15
20.03.2014 22:43;1828;14
20.03.2014 22:43;1827;15
20.03.2014 22:43;1826;15
20.03.2014 22:43;1825;15
20.03.2014 22:43;1824;15
20.03.2014 22:43;1823;14
20.03.2014 22:43;1822;15
20.03.2014 22:43;1821;15
20.03.2014 22:43;1820;15
20.03.2014 22:43;1819;15
20.03.2014 22:43;1818;15
20.03.2014 22:44;1816;15
20.03.2014 22:44;1817;15
20.03.2014 22:44;1814;15
20.03.2014 22:44;1813;15
20.03.2014 22:44;1814;15
20.03.2014 22:44;1812;15
20.03.2014 22:44;1811;15
20.03.2014 22:44;1810;15
20.03.2014 22:44;1809;15
20.03.2014 22:44;1808;15
20.03.2014 22:44;1807;15
20.03.2014 22:44;1806;15
20.03.2014 22:45;1806;15
20.03.2014 22:45;1804;15
20.03.2014 22:45;1804;15
20.03.2014 22:45;1804;15
20.03.2014 22:45;1803;15
20.03.2014 22:45;1802;15
20.03.2014 22:45;1803;15
20.03.2014 22:45;1802;15
20.03.2014 22:45;1801;15
20.03.2014 22:45;1801;15
20.03.2014 22:45;1801;15
20.03.2014 22:45;1802;15
20.03.2014 22:46;1802;15
20.03.2014 22:46;1800;15
20.03.2014 22:46;1801;15
20.03.2014 22:46;1800;15
20.03.2014 22:46;1800;15
20.03.2014 22:46;1800;15
20.03.2014 22:46;1800;15
20.03.2014 22:46;1800;15
20.03.2014 22:46;1799;15
20.03.2014 22:46;1798;15
20.03.2014 22:46;1797;15
20.03.2014 22:46;1798;15
20.03.2014 22:47;1796;15
20.03.2014 22:47;1795;15
20.03.2014 22:47;1796;15
20.03.2014 22:47;1792;15
20.03.2014 22:47;1793;15
20.03.2014 22:47;1792;15
20.03.2014 22:47;1793;15
20.03.2014 22:47;1793;15
20.03.2014 22:47;1793;15
20.03.2014 22:47;1828;15
20.03.2014 22:47;1834;15
20.03.2014 22:47;1833;15
20.03.2014 22:48;1835;15
20.03.2014 22:48;1832;15
20.03.2014 22:48;1830;15
20.03.2014 22:48;1826;15
20.03.2014 22:48;1822;15
20.03.2014 22:48;1819;15
20.03.2014 22:48;1816;15
20.03.2014 22:48;1812;15
20.03.2014 22:48;1808;15
20.03.2014 22:48;1806;15
20.03.2014 22:48;1804;15
20.03.2014 22:48;1801;15
20.03.2014 22:49;1799;15
20.03.2014 22:49;1797;15
20.03.2014 22:49;1796;15
20.03.2014 22:49;1793;15
20.03.2014 22:49;1792;15
20.03.2014 22:49;1790;15
20.03.2014 22:49;1789;15
20.03.2014 22:49;1788;15
20.03.2014 22:49;1786;15
20.03.2014 22:49;1787;15
20.03.2014 22:49;1786;15
20.03.2014 22:49;1785;15
20.03.2014 22:50;1784;15
20.03.2014 22:50;1783;15
20.03.2014 22:50;1784;15
20.03.2014 22:50;1783;15
20.03.2014 22:50;1782;15
20.03.2014 22:50;1783;15
20.03.2014 22:50;1783;15
20.03.2014 22:50;1781;15
20.03.2014 22:50;1780;15
20.03.2014 22:50;1781;15
20.03.2014 22:50;1780;15
20.03.2014 22:50;1779;15
20.03.2014 22:51;1778;15
20.03.2014 22:51;1779;15
20.03.2014 22:51;1777;15
20.03.2014 22:51;1776;15
20.03.2014 22:51;1775;15
20.03.2014 22:51;1774;15
20.03.2014 22:51;1773;15
20.03.2014 22:51;1774;15
20.03.2014 22:51;1773;15
20.03.2014 22:51;1772;15
20.03.2014 22:51;1773;15
20.03.2014 22:51;1770;15
20.03.2014 22:52;1769;15
20.03.2014 22:52;1767;15
20.03.2014 22:52;1768;15
20.03.2014 22:52;1769;15
20.03.2014 22:52;1767;15
20.03.2014 22:52;1767;15
20.03.2014 22:52;1767;15
20.03.2014 22:52;1766;15
20.03.2014 22:52;1765;16
20.03.2014 22:52;1763;15
20.03.2014 22:52;1760;16
20.03.2014 22:52;1762;16
20.03.2014 22:53;1804;15
20.03.2014 22:53;1812;15
20.03.2014 22:53;1810;16
20.03.2014 22:53;1805;15
20.03.2014 22:53;1800;16
20.03.2014 22:53;1796;15
20.03.2014 22:53;1789;15
20.03.2014 22:53;1787;16
20.03.2014 22:53;1786;16
20.03.2014 22:53;1783;15
20.03.2014 22:53;1781;16
20.03.2014 22:53;1777;15
20.03.2014 22:54;1775;15
20.03.2014 22:54;1773;16
20.03.2014 22:54;1770;16
20.03.2014 22:54;1768;16
20.03.2014 22:54;1767;16
20.03.2014 22:54;1766;16
20.03.2014 22:54;1764;16
20.03.2014 22:54;1760;15
20.03.2014 22:54;1761;16
20.03.2014 22:54;1760;16
20.03.2014 22:54;1760;16
20.03.2014 22:54;1760;16
20.03.2014 22:55;1758;16
20.03.2014 22:55;1757;16
20.03.2014 22:55;1758;16
20.03.2014 22:55;1756;16
20.03.2014 22:55;1757;16
20.03.2014 22:55;1755;16
20.03.2014 22:55;1752;16
20.03.2014 22:55;1749;16
20.03.2014 22:55;1753;16
20.03.2014 22:55;1757;16
20.03.2014 22:55;1761;16
20.03.2014 22:55;1762;16
